id,filename,topic
version_control_systems_12a991,e9lnsKot_SQ.md,version_control_systems
system_design_interview_32b295,EyMRZpgJUuc.md,system_design_interview
open_source_ai_stack_2e21d3,hFURlsMwU7c.md,open_source_ai_stack
rest_api_174cc3,-mN3VyJuCjM.md,rest_api
deployment_strategies_81c260,AWVTKBUnoIg.md,deployment_strategies
latency_numbers_dc0b49,FqR5vESuKe0.md,latency_numbers
client_architecture_patterns_7b3e17,I5c7fBgvkNY.md,client_architecture_patterns
data_management_tradeoffs_1598e2,1nENigGr-a0.md,data_management_tradeoffs
bloom_filters_0a7bc6,V3pzxngeLqw.md,bloom_filters
api_design_66dcb6,GhX8sNyFo5w.md,api_design
web_authentication_882dbc,fyTxwIa-1U0.md,web_authentication
monolithic_architecture_e0b70c,JTp0TY_2hXM.md,monolithic_architecture
load_balancing_dc4dc1,LQuuoHTyYz8.md,load_balancing
internet_architecture_1a58dd,sMHzfigUxz4.md,internet_architecture
cap_theorem_060d0d,BHqjEjzAicA.md,cap_theorem
git_version_control_08841e,0chZFIZLR_0.md,git_version_control
cache_systems_50ed1f,dGAgxozNWFE.md,cache_systems
docker_containers_ad72aa,Cs2j-Rjqg94.md,docker_containers
api_gateway_48756d,6ULyxuHKxg8.md,api_gateway
apache_kafka_6b00a7,-RDyEFvnTXI.md,apache_kafka
big_o_notation_50c0d7,x2CRZaN2xgM.md,big_o_notation
caching_6dbfa5,wh98s0XhMmQ.md,caching
api_gateway_8d5ff6,RqfaTIWc3LQ.md,api_gateway
debugging_00abb6,J8uAiZJMfzQ.md,debugging
data_pipelines_08a8a8,kGT4PcTEPP8.md,data_pipelines
scan_to_pay_d7c506,XS8ACikD2qs.md,scan_to_pay
acid_properties_9e829c,GAe5oB742dw.md,acid_properties
lsm_tree_b3f016,I6jB0nM9SKU.md,lsm_tree
diagram_as_code_9ea28d,jCd6XfWLZsg.md,diagram_as_code
oauth_2_263078,ZV5yTm4pT8g.md,oauth_2
secure_password_storage_dc149b,zt8Cocdy15c.md,secure_password_storage
data_structures_69daca,ouipSd_5ivQ.md,data_structures
garbage_collection_1af2c6,3Kqal7QaCCM.md,garbage_collection
scaling_11404d,dvRFHG2-uYs.md,scaling
concurrency_f87563,RlM9AfWf1WU.md,concurrency
capacity_planning_bb3923,UC5xf8FbdJc.md,capacity_planning
http_protocols_a259f1,a-sBfyiXysI.md,http_protocols
distributed_systems_84b43c,_kynGl5hr9U.md,distributed_systems
api_architecture_styles_55df69,4vLxWqE94l4.md,api_architecture_styles
large_language_models_5a2d75,bSvTVREwSNw.md,large_language_models
sql_query_optimization_5a2aa1,BHwzDmr6d7s.md,sql_query_optimization
grpc_262bc3,gnchfOojMk4.md,grpc
devops_47928a,an8SrFtJBdM.md,devops
generative_ai_18c8be,2p5OHDxR2l8.md,generative_ai
content_delivery_networks_5ce437,RI9np1LWzqw.md,content_delivery_networks
webhooks_d9e1f3,x_jjhcDrISk.md,webhooks
proxy_vs_reverse_proxy_c67c70,4NB0NDtOwIQ.md,proxy_vs_reverse_proxy
docker_containers_9dcf77,QEzbZKtLi-g.md,docker_containers
system_design_education_029564,q2MWdzhMq6A.md,system_design_education
api_pagination_3df13a,14K_a2kKTxU.md,api_pagination
dns_595b30,27r4Bzuj5NQ.md,dns
consistent_hashing_adf81f,UF9Iqmg94tk.md,consistent_hashing
api_performance_optimization_55293b,zvWKqUiovAM.md,api_performance_optimization
ci_cd_87196b,42UP1fxi2SY.md,ci_cd
scalability_335cbb,EWS_CIxttVw.md,scalability
https_192d04,j9QmMEWmcfo.md,https
real_time_data_processing_30f675,UN1kW5AHid4.md,real_time_data_processing
location_based_services_84a811,M4lR_Va97cQ.md,location_based_services
processes_and_threads_e65724,4rLW7zg21gI.md,processes_and_threads
monolithic_architecture_22660c,fKc050dvNIE.md,monolithic_architecture
distributed_system_patterns_c72a28,nH4qjmP2KEE.md,distributed_system_patterns
api_testing_4e4192,qquIJ1Ivusg.md,api_testing
model_context_protocol_(mcp)_a6e4c1,_d0duu3dED4.md,model_context_protocol_(mcp)
monorepos_8476f1,x3cANGNPyx0.md,monorepos
kubernetes_architecture_e6d954,TlHvYWVUZyc.md,kubernetes_architecture
linux_boot_process_0e27cc,XpFsMB6FoOs.md,linux_boot_process
cloud_native_bd2456,p-88GN1WVs8.md,cloud_native
load_balancing_30a352,dBmxNsS3BGE.md,load_balancing
http_status_codes_488a8a,qmpUfWN7hh4.md,http_status_codes
memory_and_storage_systems_5c651b,lX4CrbXMsNQ.md,memory_and_storage_systems
data_structures_749de2,W_v05d_2RTo.md,data_structures
single_threaded_execution_4ab7c1,5TRFpFBccQM.md,single_threaded_execution
dns_lookup_dd3ca8,AlkDbnbv7dk.md,dns_lookup
payment_tokenization_dd5e22,cHv8LqkbPHk.md,payment_tokenization
database_scalability_87ff9d,kkeFE6iRfMM.md,database_scalability
ssh_f52715,rlMfRa7vfO8.md,ssh
ai_agents_9c8af6,eHEHE2fpnWQ.md,ai_agents
virtualization_5f22da,Jz8Gs4UHTO8.md,virtualization
netflix_api_architecture_c97e74,Uu32ggF-DWg.md,netflix_api_architecture
apache_kafka_a51188,yIAcHMJzqJc.md,apache_kafka
aws_architecture_a31606,OTfYFl3rzjg.md,aws_architecture
sql_3edff1,yMqldbY2AAg.md,sql
database_migration_796ea8,O3PwuzCvAjI.md,database_migration
apache_kafka_107eb7,UNUz1-msbOM.md,apache_kafka
scaling_360cdc,2g1G8Jr88xU.md,scaling
network_protocols_4c8e69,P6SZLcGE4us.md,network_protocols
system_design_interviews_465f49,o-k7h2G3Gco.md,system_design_interviews
kubernetes_c79ff8,lv0DdVLZuHc.md,kubernetes
live_streaming_68d941,7AMRfNKwuYo.md,live_streaming
graphql_da35ca,yWzKJPw_VzM.md,graphql
rest_api_380e3b,_gQaygjm_hg.md,rest_api
http_protocols_7eafc7,UMwQjFzTQXw.md,http_protocols
chatgpt_integration_d75f54,9W_U1y7RYuE.md,chatgpt_integration
single_sign_on_43e0c8,O1cRJWYF-g4.md,single_sign_on
serverless_computing_8da746,7swoLEqABhQ.md,serverless_computing
distributed_streaming_76f15b,HZklgPkboro.md,distributed_streaming
web_application_architecture_c1d407,_higfXfhjdo.md,web_application_architecture
osi_model_d43e59,0y6FtKsg6J4.md,osi_model
system_design_interviews_79782c,i7twT3x5yv8.md,system_design_interviews
redis_use_cases_fcccb2,a4yX7RUgTxI.md,redis_use_cases
algorithms_7c5097,xbgzl2maQUU.md,algorithms
microservices_78e212,lTAcCNbJ7KE.md,microservices
api_protocols_941375,zY2DMpCUfCg.md,api_protocols
software_architecture_patterns_3556e9,f6zXyq4VPP8.md,software_architecture_patterns
